Shelf Width (cm),Shelf Height (cm),Free %,Free Area (cm²),Free Area (ft²)
30.0,15.0,17.680981878698223,79.564418454142,0.08564234437985391
